﻿<?xml version="1.0" encoding="utf-8"?>
<Project ToolsVersion="12.0" xmlns="http://schemas.microsoft.com/developer/msbuild/2003">
  <PropertyGroup>
    <IncludeCompositeObjects>True</IncludeCompositeObjects>
    <TargetDatabaseName>DB_93982_brensdev</TargetDatabaseName>
    <DeployScriptFileName>Database.sql</DeployScriptFileName>
    <ProfileVersionNumber>1</ProfileVersionNumber>
    <TargetConnectionString>Data Source=tcp:s08.winhost.com;uid=DB_93982_brensdev_user;pwd=hosting#73;Pooling=False</TargetConnectionString>
    <ScriptDatabaseOptions>True</ScriptDatabaseOptions>
    <BlockOnPossibleDataLoss>True</BlockOnPossibleDataLoss>
  </PropertyGroup>
</Project>