﻿<?xml version="1.0" encoding="utf-8"?>
<Project ToolsVersion="12.0" xmlns="http://schemas.microsoft.com/developer/msbuild/2003">
  <PropertyGroup>
    <IncludeCompositeObjects>True</IncludeCompositeObjects>
    <TargetDatabaseName>MtPhotos</TargetDatabaseName>
    <DeployScriptFileName>Database.sql</DeployScriptFileName>
    <ProfileVersionNumber>1</ProfileVersionNumber>
    <TargetConnectionString>Data Source=.\sql2012;Integrated Security=True;Pooling=False</TargetConnectionString>
  </PropertyGroup>
</Project>